<?xml version="1.0" encoding="UTF-8"?>
<con:soapui-project id="db5a273b-2826-4b96-91fb-ee1caca04cfb" activeEnvironment="Default" name="REST Project 1" resourceRoot="${projectDir}" soapui-version="5.4.0" abortOnError="false" runType="SEQUENTIAL" xmlns:con="http://eviware.com/soapui/config"><con:settings/><con:interface xsi:type="con:RestService" id="e43dc0f4-b686-4b4e-9bcb-5dc745af222e" wadlVersion="http://wadl.dev.java.net/2009/02" name="" type="rest" xmlns:xsi="http://www.w3.org/2001/XMLSchema-instance"><con:settings/><con:definitionCache/><con:endpoints/><con:resource name="TopbisgoAPI" path="/topbisgoAPI/items" id="4db10b17-e4e8-4b86-980a-9957a2605e8b"><con:settings/><con:parameters/><con:method name="TopbisgoAPI 1" id="9d2d718b-a4ae-4d79-8feb-31494c026f55" method="GET"><con:settings/><con:parameters/><con:request name="Request 1" id="2d93830e-608f-40f5-88ba-cce10eff9173" mediaType="application/json"><con:settings><con:setting id="com.eviware.soapui.impl.wsdl.WsdlRequest@request-headers">&lt;xml-fragment/></con:setting></con:settings><con:endpoint>localhost</con:endpoint><con:request/><con:credentials><con:authType>No Authorization</con:authType></con:credentials><con:jmsConfig JMSDeliveryMode="PERSISTENT"/><con:jmsPropertyConfig/><con:parameters/></con:request></con:method></con:resource></con:interface><con:restMockService id="3d2e36db-159d-45d1-b430-fb6fdc08c110" port="8080" path="/" host="BangouMac.fritz.box" name="topbisgo"><con:settings/><con:properties/><con:restMockAction name="items" method="GET" resourcePath="/items" id="b6ee4033-81e7-4960-969f-a31ef5346c32"><con:settings/><con:defaultResponse xsi:nil="true" xmlns:xsi="http://www.w3.org/2001/XMLSchema-instance"/><con:dispatchStyle>SEQUENCE</con:dispatchStyle><con:dispatchPath>/*
// Script dispatcher is used to select a response based on the incoming request.
// Here are few examples showing how to match based on path, query param, header and body

// Match based on path
def requestPath = mockRequest.getPath()
log.info "Path: "+ requestPath

if( requestPath.contains("json") )
{
    // return the name of the response you want to dispatch
    return "JSON Response"
}


// Match based on query parameter
def queryString = mockRequest.getRequest().getQueryString()
log.info "QueryString: " + queryString

if( queryString.contains("stockholm") )
{
    // return the name of the response you want to dispatch
    return "Response Stockholm"
}
else if( queryString.contains("london") )
{
    // return the name of the response you want to dispatch
    return "Response London"
}


// Match based on header
def acceptEncodingHeaderList = mockRequest.getRequestHeaders().get("Accept-Encoding")
log.info "AcceptEncoding Header List: " + acceptEncodingHeaderList

if( acceptEncodingHeaderList.contains("gzip,deflate") )
{
    // return the name of the response you want to dispatch
    return "GZiped Response"
}


// Match based on body
def requestBody = mockRequest.getRequestContent()
log.info "Request body: " + requestBody

if( requestBody.contains("some data") )
{
    // return the name of the response you want to dispatch
    return "Response N"
}
*/
</con:dispatchPath><con:response name="all_items" id="1e2c2666-92d0-445d-a11e-6d0184a83e0e" httpResponseStatus="200" mediaType="application/json"><con:settings/><con:responseContent> [
	{
	   "id": "100",	
	   "image_url": "https://picsum.photos/400/200",
	   "description": "You may combine any of the options above. ",
	   "title": "BMW X3",
	   "price": "12.05 FCFA",
	   "categorie": "Car",
	   "location": "Yaoundé, Cameroon"
	},
	{
	   "id": "101",
	   "image_url": "https://picsum.photos/400/200",
	   "description": "You may combine any of the options above. ",
	   "title": "BMW X3",
	   "price": "12.05 FCFA",
	   "categorie": "Car",
	   "location": "Yaoundé, Cameroon"
	},
	{
	   "id": "102",
	   "image_url": "https://picsum.photos/400/200",
	   "description": "You may combine any of the options above. ",
	   "title": "BMW X3",
	   "price": "12.05 FCFA",
	   "categorie": "Car",
	   "location": "Yaoundé, Cameroon"
	},
	{
	   "id": "103",
	   "image_url": "https://picsum.photos/400/200",
	   "description": "You may combine any of the options above. ",
	   "title": "BMW X3",
	   "price": "12.05 FCFA",
	   "categorie": "Car",
	   "location": "Yaoundé, Cameroon"
	},
	{
	   "id": "104",
	   "image_url": "https://picsum.photos/400/200",
	   "description": "You may combine any of the options above. ",
	   "title": "BMW X3",
	   "price": "12.05 FCFA",
	   "categorie": "Car",
	   "location": "Yaoundé, Cameroon"
	},
	{
	   "id": "105",
	   "image_url": "https://picsum.photos/400/200",
	   "description": "You may combine any of the options above. ",
	   "title": "BMW X3",
	   "price": "12.05 FCFA",
	   "categorie": "Car",
	   "location": "Yaoundé, Cameroon"
	},
	{
	   "id": "105",
	   "image_url": "https://picsum.photos/400/200",
	   "description": "You may combine any of the options above. ",
	   "title": "BMW X3",
	   "price": "12.05 FCFA",
	   "categorie": "Car",
	   "location": "Yaoundé, Cameroon"
	},
	{
	   "id": "106",
	   "image_url": "https://picsum.photos/400/200",
	   "description": "You may combine any of the options above. ",
	   "title": "BMW X3",
	   "price": "12.05 FCFA",
	   "categorie": "Car",
	   "location": "Yaoundé, Cameroon"
	},
	{
	   "id": "107",
	   "image_url": "https://picsum.photos/400/200",
	   "description": "You may combine any of the options above. ",
	   "title": "BMW X3",
	   "price": "12.05 FCFA",
	   "categorie": "Car",
	   "location": "Yaoundé, Cameroon"
	},
	{
	   "id": "108",
	   "image_url": "https://picsum.photos/400/200",
	   "description": "You may combine any of the options above. ",
	   "title": "BMW X3",
	   "price": "12.05 FCFA",
	   "categorie": "Car"
	},
	{
	   "id": "109",
	   "image_url": "https://picsum.photos/400/200",
	   "description": "You may combine any of the options above. ",
	   "title": "BMW X3",
	   "price": "12.05 FCFA",
	   "categorie": "Car",
	   "location": "Yaoundé, Cameroon"
	},
	{
	   "id": "110",
	   "image_url": "https://picsum.photos/400/200",
	   "description": "You may combine any of the options above. ",
	   "title": "BMW X3",
	   "price": "12.05 FCFA",
	   "categorie": "Car",
	   "location": "Yaoundé, Cameroon"
	},
	{
	   "id": "111",
	   "image_url": "https://picsum.photos/400/200",
	   "description": "You may combine any of the options above. ",
	   "title": "BMW X3",
	   "price": "12.05 FCFA",
	   "categorie": "Car"
	},
	{
	   "id": "112",
	   "image_url": "https://picsum.photos/400/200",
	   "description": "You may combine any of the options above. ",
	   "title": "BMW X3",
	   "price": "12.05 FCFA",
	   "categorie": "Car",
	   "location": "Yaoundé, Cameroon"
	},
	{
	   "id": "113",
	   "image_url": "https://picsum.photos/400/200",
	   "description": "You may combine any of the options above. ",
	   "title": "BMW X3",
	   "price": "12.05 FCFA",
	   "categorie": "Car",
	   "location": "Yaoundé, Cameroon"
	},
	{
	   "id": "114",
	   "image_url": "https://picsum.photos/400/200",
	   "description": "You may combine any of the options above. ",
	   "title": "BMW X3",
	   "price": "12.05 FCFA",
	   "categorie": "Car",
	   "location": "Yaoundé, Cameroon"
	},
	{
	   "id": "115",
	   "image_url": "https://picsum.photos/200/200",
	   "description": "You may combine any of the options above. ",
	   "title": "BMW X3",
	   "price": "12.05 FCFA",
	   "categorie": "Car",
	   "location": "Yaoundé, Cameroon"
	},
	{
	   "id": "116",
	   "image_url": "https://picsum.photos/400/200",
	   "description": "You may combine any of the options above. ",
	   "title": "BMW X3",
	   "price": "12.05 FCFA",
	   "categorie": "Car",
	   "location": "Yaoundé, Cameroon"
	},
	{
	   "id": "117",
	   "image_url": "https://picsum.photos/400/200",
	   "description": "You may combine any of the options above. ",
	   "title": "BMW X3",
	   "price": "12.05 FCFA",
	   "categorie": "Car",
	   "location": "Yaoundé, Cameroon"
	},
	{
	   "id": "118",
	   "image_url": "https://picsum.photos/400/200",
	   "description": "You may combine any of the options above. ",
	   "title": "BMW X3",
	   "price": "12.05 FCFA",
	   "categorie": "Car",
	   "location": "Yaoundé, Cameroon"
	}
]</con:responseContent><con:header><con:name>Access-Control-Allow-Origin</con:name><con:value>*</con:value></con:header></con:response></con:restMockAction><con:restMockAction name="categories" method="GET" resourcePath="/categories" id="c70dacdc-fcc9-4fc4-94a2-ba2008842031"><con:settings/><con:defaultResponse>all_cat</con:defaultResponse><con:dispatchStyle>SEQUENCE</con:dispatchStyle><con:dispatchPath>/*
// Script dispatcher is used to select a response based on the incoming request.
// Here are few examples showing how to match based on path, query param, header and body

// Match based on path
def requestPath = mockRequest.getPath()
log.info "Path: "+ requestPath

if( requestPath.contains("json") )
{
    // return the name of the response you want to dispatch
    return "JSON Response"
}


// Match based on query parameter
def queryString = mockRequest.getRequest().getQueryString()
log.info "QueryString: " + queryString

if( queryString.contains("stockholm") )
{
    // return the name of the response you want to dispatch
    return "Response Stockholm"
}
else if( queryString.contains("london") )
{
    // return the name of the response you want to dispatch
    return "Response London"
}


// Match based on header
def acceptEncodingHeaderList = mockRequest.getRequestHeaders().get("Accept-Encoding")
log.info "AcceptEncoding Header List: " + acceptEncodingHeaderList

if( acceptEncodingHeaderList.contains("gzip,deflate") )
{
    // return the name of the response you want to dispatch
    return "GZiped Response"
}


// Match based on body
def requestBody = mockRequest.getRequestContent()
log.info "Request body: " + requestBody

if( requestBody.contains("some data") )
{
    // return the name of the response you want to dispatch
    return "Response N"
}
*/
</con:dispatchPath><con:response name="all_cat" id="893d3b7e-b72a-4a8f-8cc7-8af93d03b055" httpResponseStatus="200" mediaType="application/json"><con:settings/><con:responseContent>[
	{
	   "image_url": "https://picsum.photos/10/10",
	   "name": "Car",
	   "isTop": "true"
	},
	{
	   "image_url": "https://picsum.photos/10/10",
	   "name": "Property",
	   "isTop": "true"
	},
	{
	   "image_url": "https://picsum.photos/10/10",
	   "name": "Services",
	   "isTop": "true"
	},
	{
	   "image_url": "https://picsum.photos/10/10",
	   "name": "Job",
	   "isTop": "true"
	},
	{
	   "image_url": "https://picsum.photos/10/10",
	   "name": "Mode &amp; Cosmetic",
	   "isTop": "false"
	},
	{
	   "image_url": "https://picsum.photos/10/10",
	   "name": "Electronic",
	   "isTop": "false"
	},
	{
	   "image_url": "https://picsum.photos/10/10",
	   "name": "Others",
	   "isTop": "false"
	}
]</con:responseContent></con:response></con:restMockAction><con:restMockAction name="product-detail" method="GET" resourcePath="/product-detail" id="a8a3861c-f4ac-42a4-bcde-bb54a51d3236"><con:settings/><con:defaultResponse>id1</con:defaultResponse><con:dispatchStyle>SCRIPT</con:dispatchStyle><con:dispatchPath>
// Script dispatcher is used to select a response based on the incoming request.
// Here are few examples showing how to match based on path, query param, header and body

// Match based on path
def requestPath = mockRequest.getPath()
log.debug "Path: "+ requestPath

if( requestPath.contains("json") )
{
    // return the name of the response you want to dispatch
    return "id2"
}

return "id2"

/*
// Match based on query parameter
def queryString = mockRequest.getRequest().getQueryString()
log.info "QueryString Achille: " + queryString

if( queryString.contains("stockholm") )
{
    // return the name of the response you want to dispatch
    return "Response Stockholm"
}
else if( queryString.contains("london") )
{
    // return the name of the response you want to dispatch
    return "Response London"
}


// Match based on header
def acceptEncodingHeaderList = mockRequest.getRequestHeaders().get("Accept-Encoding")
log.info "AcceptEncoding Header List: " + acceptEncodingHeaderList

if( acceptEncodingHeaderList.contains("gzip,deflate") )
{
    // return the name of the response you want to dispatch
    return "GZiped Response"
}


// Match based on body
def requestBody = mockRequest.getRequestContent()
log.info "Request body: " + requestBody

if( requestBody.contains("some data") )
{
    // return the name of the response you want to dispatch
    return "Response N"
}
*/
</con:dispatchPath><con:response name="id1" id="d876ec40-ea30-4538-ab23-dcffe0c1f80e" httpResponseStatus="200" mediaType="application/json"><con:settings/><con:responseContent>{
	   "id": "100",	
	   "image_url": "https://picsum.photos/400/200",
	   "description": "You may combine any of the options above. ",
	   "title": "BMW X3",
	   "price": "12.05 FCFA",
	   "categorie": "Car",
	   "location": "Yaoundé, Cameroon"
	}</con:responseContent><con:header><con:name>Access-Control-Allow-Origin</con:name><con:value>*</con:value></con:header></con:response><con:response name="id2" id="ba366b28-7c50-47ea-a9cb-b84c298addde" httpResponseStatus="200" mediaType="application/json"><con:settings/><con:responseContent>{
	   "id": "840",	
	   "image_url": "https://picsum.photos/400/200",
	   "description": "You may combine any of the options above. ",
	   "title": "BMW X3 M Drive",
	   "price": "12.05 FCFA",
	   "categorie": "Car",
	   "location": "Yaoundé, Cameroon"
	}</con:responseContent><con:header><con:name>Access-Control-Allow-Origin</con:name><con:value>*</con:value></con:header></con:response></con:restMockAction></con:restMockService><con:properties/><con:wssContainer/><con:oAuth2ProfileContainer/><con:oAuth1ProfileContainer/></con:soapui-project>